{
    "medical_history": {
        "chief_complaint": "Progressive weakness in the lower limbs, impotence, and moderate urinary dysfunction.",
        "history_of_present_illness": "Symptoms began 4 months ago with progressive weakness in the lower limbs, intermittent incontinence with 10 to 14 mictrations per day. The patient denied back pain, numbness, tingling, weight loss, recent illnesses/infections, or visual or cognitive complaints.",
        "past_medical_history": "Tested positive for HIV-1; CD4 count was 90 cells/mm3 upon presentation.",
        "family_history": "His wife died of AIDS 2 years earlier.",
        "social_history": "Denied risk factors for HIV infection."
    }
}