{
    "medical_history": {
        "chief_complaint": "Depressive disorder during pregnancy.",
        "history_of_present_illness": "The patient, Ann, a 15-year-old girl, was referred for treatment of depression by her school counselor and foster parents. Symptoms included feeling sad, insomnia, fatigue, decreased concentration, and variable appetite. Symptoms worsened during her pregnancy.",
        "past_medical_history": "History of multiple early abandonments and previous depressive disorder; no further relevant medical history specified.",
        "family_history": "Family psychiatric history was unavailable; no significant hereditary conditions reported.",
        "social_history": "Ann described her foster home as secure and fair. She engaged in sports but lacked intimate friendships. She denied substance abuse and other dangerous behaviors but exhibited low self-esteem and fear of intimacy."
    }
}