{
    "physical_examinations": [
        {
            "date": "Not specified",
            "vital_signs": "Not specified",
            "relevant_findings": "Patient exhibited cheerful but superficial demeanor. Reported experiencing sadness, insomnia, fatigue, decreased concentration, and variable appetite. Foster mother noted histories of low self-esteem and fear of intimacy.",
            "changes_over_time": "Initially, the patient's depressive symptoms worsened, including intermittent suicidal ideation. Mood fluctuations were observed, with her displaying superficial cheerfulness and labile anger during therapy sessions. After the introduction of fluoxetine, her behavior stabilized, and she described a reduction in depressive symptoms."
        },
        {
            "date": "Not specified",
            "vital_signs": "Not specified",
            "relevant_findings": "Patient described symptoms of irritability and withdrawal, and was noted to be apathetic about pregnancy and failure to seek appropriate prenatal care.",
            "changes_over_time": "After a period of missing sessions, the patient's behavior reportedly improved upon resuming therapy, indicating fluctuations in her emotional well-being."
        },
        {
            "date": "Not specified",
            "vital_signs": "Not specified",
            "relevant_findings": "Reported somatic complaints, including stomach cramps, back aches, heartburn, and feeling of heaviness.",
            "changes_over_time": "Initially expressed worries about labor pain but later reported feeling calmer as she navigated her emotional responses to pregnancy."
        },
        {
            "date": "Not specified",
            "vital_signs": "Not specified",
            "relevant_findings": "Brought in newborn for a session, displaying tender interactions with the baby, and expressed feelings of growth during pregnancy.",
            "changes_over_time": "Post-birth, experienced increased irritability, tearfulness, and fatigue, leading to request for reinitiation of fluoxetine treatment."
        }
    ]
}