{
    "medical_history": {
        "chief_complaint": "Psychotic symptoms associated with Darier’s disease.",
        "history_of_present_illness": "Mr. A experienced a rash 3 days before admission, followed by unresponsiveness, talking in riddles, and blunted affect over a period of 12 days in the military training.",
        "past_medical_history": "Mr. A has a history of Darier’s disease, exacerbated by sun exposure, communicated by his father.",
        "family_history": "The patient's father has a history of Darier’s disease.",
        "social_history": "Mr. A was engaged in basic military training, socially involved, and displayed no occupational difficulties prior to the onset of symptoms."
    }
}