{
    "medical_history": {
        "chief_complaint": "Dysphagia, odynophagia, fever, and chills.",
        "history_of_present_illness": "Symptoms began 1 week prior to admission and included dysphagia, odynophagia, fever (temperature of 38.9 °C), and chills. The patient's condition improved within 4 days after treatment with fluconazole.",
        "past_medical_history": "HIV infection; CD4 cell count of 60/mm3.",
        "family_history": "Not specified.",
        "social_history": "Injection drug use."
    }
}