{
    "physical_examinations": [
        {
            "date": "Not specified",
            "vital_signs": "Within normal limits",
            "relevant_findings": "No adenopathy or jugular venous distention; unremarkable chest examination",
            "changes_over_time": "Not specified"
        },
        {
            "date": "Two months later",
            "vital_signs": "Not specified",
            "relevant_findings": "Persistent pleuritic chest pain on the right side, new moderate-sized right-sided pleural effusion, increased size of the cyst",
            "changes_over_time": "Initial stable dyspnea evolved into persistent pleuritic chest pain with new pleural effusion"
        }
    ]
}