{
    "medical_history": {
        "chief_complaint": "Asymptomatic tumor on the left breast.",
        "history_of_present_illness": "The tumor gradually enlarged and sometimes spontaneously regressed over the previous 4 years.",
        "past_medical_history": "Past history of endometrioid adenocarcinoma of the uterus, treated with surgical resection and chemotherapy.",
        "family_history": "Family history of lung, spinal, and breast cancers in her father, mother, and sister, respectively.",
        "social_history": "Not specified."
    }
}