{
    "physical_examinations": [
        {
            "date": "December 3, 1997",
            "vital_signs": "Not specified",
            "relevant_findings": "Asymptomatic tumor on the left breast, well-defined, 18 × 13 mm, raised nodule; erythematous papules on the extensor surfaces of the forearms.",
            "changes_over_time": "Not specified"
        },
        {
            "date": "February 1998",
            "vital_signs": "Not specified",
            "relevant_findings": "Developed another nodule on the left postauricular region.",
            "changes_over_time": "Not specified"
        },
        {
            "date": "September 1998",
            "vital_signs": "Not specified",
            "relevant_findings": "Three nodulotumors appeared again on her breasts; erythematous lesions on forearms evolved into a linear crop of papules.",
            "changes_over_time": "Not specified"
        }
    ]
}