{
    "medical_history": {
        "chief_complaint": "Patient reported feeling her eating was out of control, resulting in an 80 lb weight gain over the previous year.",
        "history_of_present_illness": "Binge eating began at approximately age 11. Current symptoms cause feelings of losing control with eating nearly every day, typically escalating throughout the day leading to binge episodes. Symptoms progressed as she experienced distress, particularly after the sudden death of a younger brother 1.5 years prior.",
        "past_medical_history": "Lifelong history of obesity, controlled high blood pressure, and resolved discoid lupus. Current major depression and post-traumatic stress disorder (PTSD) symptoms following her brother's death.",
        "family_history": "There is mention of her family's perception and comments regarding her weight, indicating a possible family environment that contributed to her concerns about weight and eating, but no specific hereditary conditions are mentioned.",
        "social_history": "Single, lives alone, employed as a personnel manager. Socially functional with a large group of friends, but not dating currently. Past experiences of being teased and singled out by family for her weight."
    }
}