{
    "physical_examinations": [
        {
            "date": "Not specified",
            "vital_signs": {
                "height": "6 feet, 0 inches",
                "weight": "292 lb",
                "body_mass_index": "39.7",
                "blood_pressure": "high blood pressure, controlled with medication",
                "other": "discoid lupus, currently resolved"
            },
            "relevant_findings": "Initial assessment revealed major depression with symptoms of depressed mood, insomnia, feelings of being 'slowed down', difficulty concentrating, and thoughts of death. Notable psychiatric history included ongoing binge eating disorder, influenced by a long-standing fear of heights.",
            "changes_over_time": "Ms. A's depressive symptoms had abated somewhat in the past 1-2 months leading up to her initial assessment."
        }
    ]
}