{
    "medical_history": {
        "chief_complaint": "Severe anisomastia requiring surgical treatment.",
        "history_of_present_illness": "Anisomastia became evident around the time developmental delay was recognized, approximately after the first year of life. Surgical repair was performed at age 15, and anisomastia persisted despite surgery.",
        "past_medical_history": "Mild to moderate developmental delay; history of dental hypoplasia, enlarged left atrium, hoarse voice from vocal cord nodules, umbilical hernia (surgically repaired at age 5), gastroesophageal reflux (medically treated), attention deficit disorder (medicated), recurrent urinary tract infections, and severe hyperopia requiring bifocal lenses.",
        "family_history": "The father died of liver cirrhosis due to chronic alcoholism; otherwise, both parents and a sister were reported to be healthy.",
        "social_history": "Not specified."
    }
}