{
    "medical_history": {
        "chief_complaint": "Worsening angina and an occluded right coronary artery.",
        "history_of_present_illness": "The patient is a 72-year-old female smoker with hypertension, hypercholesterolemia, and non-insulin-dependent diabetes, who presented with worsening angina and an occluded right coronary artery.",
        "past_medical_history": "Hypertension, hypercholesterolemia, non-insulin-dependent diabetes, previous episodes of angina.",
        "family_history": "Not specified.",
        "social_history": "Smoker."
    }
}