{
    "physical_examinations": [
        {
            "date": "1990",
            "vital_signs": {
                "blood_pressure": "90/60 mm Hg",
                "heart_rate": "Not specified",
                "temperature": "Not specified",
                "respiratory_rate": "Not specified"
            },
            "relevant_findings": "Mildly obese Caucasian female, fully alert and cooperative, but appeared vague and easily distracted. Noted to have alopecia universalis and widespread scattered vitiligo.",
            "changes_over_time": "Initial presentation with progressive alopecia that resulted in total body hair loss over 2 years. Development of severe memory impairment and functional disability noted over time."
        },
        {
            "date": "1991",
            "vital_signs": {
                "blood_pressure": "Not specified",
                "heart_rate": "Not specified",
                "temperature": "Not specified",
                "respiratory_rate": "Not specified"
            },
            "relevant_findings": "Clinical examination was unremarkable, with normal body habitus and body hair, no abnormality of skin pigmentation.",
            "changes_over_time": "No changes reported during this examination."
        }
    ]
}