{
    "medical_history": {
        "chief_complaint": "Difficult weaning from mechanical ventilation following right pneumonectomy.",
        "history_of_present_illness": "The patient experienced multiple septic episodes and unresolving bronchopleural fistula, complicating the postoperative course. The difficulty in weaning from mechanical ventilation began immediately following surgery and persisted, with definitive closure of the leak obtained 28 days postoperatively. The patient experienced major sleep disturbances, extreme anxiety, and apprehension due to life-threatening episodes during awareness.",
        "past_medical_history": "History of pulmonary tuberculosis, ischemic heart disease, gout, psoriasis, heavy smoking, and previous alcohol abuse.",
        "family_history": "Not specified.",
        "social_history": "Heavy smoking and previous alcohol abuse."
    }
}