{
    "physical_examinations": [
        {
            "date": "4.9 yr",
            "vital_signs": "Height: 92.5 cm (23.1 sd), Weight: Not specified",
            "relevant_findings": "Bone age severely retarded at 2.5 yr. Diagnosed with GH and TSH deficiencies.",
            "changes_over_time": "Not specified"
        },
        {
            "date": "9 yr",
            "vital_signs": "Not specified",
            "relevant_findings": "Anterior pituitary lobe diminished height (3 mm; normal, 4.5 ± 0.6 mm). Radiography revealed a sella turcica volume above normal mean.",
            "changes_over_time": "Not specified"
        },
        {
            "date": "10.7 yr",
            "vital_signs": "Not specified",
            "relevant_findings": "Prepubertal status: gonadotropin levels below detection limit before and after GnRH test.",
            "changes_over_time": "Not specified"
        },
        {
            "date": "14.1 yr",
            "vital_signs": "Height: 150.0 cm (21.5 sd), Bone age: 12 yr, Tanner stage I breast development, Tanner stage II pubic hair.",
            "relevant_findings": "Confirmed gonadotropin deficiency.",
            "changes_over_time": "Height increased from 92.5 cm at age 4.9 yr to 150.0 cm at age 14.1 yr."
        }
    ]
}