{
    "medical_history": {
        "chief_complaint": "Progressive memory loss over the past 7 years.",
        "history_of_present_illness": "Memory loss began 7 years ago and has been progressively worsening, especially noted over the past 2 years. Symptoms include fatigue, intermittent loss of interest, and attention, with a recent episode of disorientation while driving at night along a familiar route. Symptoms seem to worsen under stress, as evidenced by instances of confusion about family relationships.",
        "past_medical_history": "History of prostate cancer treated with radical prostatectomy and radiotherapy; marked osteoporosis with significant height loss; cataract successfully removed; history of depression; degenerative changes in knee leading to decreased mobility.",
        "family_history": "Maternal history of mild memory loss in her 80s; one child with a long-standing affective disorder.",
        "social_history": "Retired teacher and primary caregiver for his wife with a chronic debilitating illness; does not smoke; consumes 2 to 3 glasses of whiskey or wine daily; has experienced caregiving stress due to wife's condition."
    }
}