{
    "physical_examinations": [
        {
            "date": "Not specified",
            "vital_signs": "Not specified",
            "relevant_findings": "Complete paralysis of the left mandibular branch of the facial nerve; complaints of paresthesias in the tongue.",
            "changes_over_time": "Not specified"
        },
        {
            "date": "Not specified",
            "vital_signs": "Not specified",
            "relevant_findings": "Weakly positive enzyme-linked immunosorbent assay (ELISA) for Lyme disease.",
            "changes_over_time": "Not specified"
        }
    ]
}