{
    "medical_history": {
        "chief_complaint": "Confusion, automatic behavior, and nearly continuous body twitches.",
        "history_of_present_illness": "The patient presented with a 24-hour history of confusion and nearly continuous body twitches. She experienced three similar episodes lasting a few hours during the preceding 6 months.",
        "past_medical_history": "Treated for absence epilepsy at 11 years; previously treated with phenytoin at 19 years for two generalized tonic–clonic seizures.",
        "family_history": "Positive for generalized epilepsy.",
        "social_history": "Graduated from college; did not smoke or use alcohol or illicit drugs."
    }
}