{
    "physical_examinations": [
        {
            "date": "April 1998",
            "vital_signs": "Not specified",
            "relevant_findings": "Acute abdominal pain with fever.",
            "changes_over_time": "Not specified"
        },
        {
            "date": "Not specified",
            "vital_signs": "Not specified",
            "relevant_findings": "Histologic examination of the appendix showed acute mucosal inflammation but no involvement of the serosa or muscularis.",
            "changes_over_time": "Not specified"
        },
        {
            "date": "Not specified",
            "vital_signs": "Not specified",
            "relevant_findings": "Diarrhea developed after the initiation of treatment with amoxicillin-clavulanate.",
            "changes_over_time": "Not specified"
        }
    ]
}