{
    "medical_history": {
        "chief_complaint": "Increasing abdominal girth associated with vaginal prolapse, anorexia, and weight loss.",
        "history_of_present_illness": "Symptoms began 2 months prior to presentation, with worsening abdominal swelling and associated symptoms. No abdominal pain, fevers, or night sweats were reported.",
        "past_medical_history": "Previously treated for low-grade non-Hodgkin's lymphoma in 1991.",
        "family_history": "Not specified.",
        "social_history": "Spent winters in Arizona for the past 10 years."
    }
}