{
    "physical_examinations": [
        {
            "date": "May 1993",
            "vital_signs": "Not specified",
            "relevant_findings": "Physical examination notable for peripheral wasting and marked abdominal distension due to ascites. Chest radiograph revealed bilateral pleural effusions but no parenchymal disease.",
            "changes_over_time": "Not specified"
        },
        {
            "date": "July 12, 1993",
            "vital_signs": "Not specified",
            "relevant_findings": "Culture of fluid obtained from repeated paracentesis remained positive for C. immitis.",
            "changes_over_time": "No clinical improvement with amphotericin B treatment; treatment switched to oral fluconazole on July 14, 1993."
        },
        {
            "date": "August 11, 1993",
            "vital_signs": "Not specified",
            "relevant_findings": "Cultures of peritoneal biopsy and fluid specimens obtained were positive for C. immitis.",
            "changes_over_time": "Gradual clinical improvement noted after switching to fluconazole."
        },
        {
            "date": "Not specified",
            "vital_signs": "Not specified",
            "relevant_findings": "A cocciodioidin skin test was negative.",
            "changes_over_time": "Five years later, the patient was well without evidence of recurrent disease."
        }
    ]
}