{
    "physical_examinations": [
        {
            "date": "Not specified",
            "vital_signs": "Blood pressure 140/80 mm Hg, Pulse rate 125 bpm, Respiratory rate 20 breaths/min, Temperature 36.1°C (97.0°F)",
            "relevant_findings": "Reported pain described as 'sharp', worse with movement and inspiration.",
            "changes_over_time": "Not specified"
        },
        {
            "date": "Not specified",
            "vital_signs": "Blood pressure 158/86 mm Hg, Pulse rate 83 bpm, Respiratory rate 18 breaths/min, Temperature 35.8°C (96.4°F)",
            "relevant_findings": "Exquisite tenderness over the right anterior chest wall (inferior to the breast) and over the ribs.",
            "changes_over_time": "Discomfort improved with intramuscular administration of ketorolac."
        }
    ]
}