{
    "medical_history": {
        "chief_complaint": "Central catheter infection due to Methylobacterium mesophilicum.",
        "history_of_present_illness": "The patient's symptoms began in December 1996 with diplopia and generalized weakness, which persisted despite treatment. In March 1998, she became febrile (temperature to 40.5°C) and hypotensive, with the onset of symptoms being acute during a plasmapheresis session. Symptoms resolved after treatment but recurred after environmental exposure to soil and earthworms in April 1998.",
        "past_medical_history": "The patient has a history of myasthenia gravis diagnosed in December 1996, a thymectomy performed in July 1997, and treatment with pyridostigmine bromide, prednisone, azathioprine, and plasmapheresis.",
        "family_history": "Not specified.",
        "social_history": "The patient is an avid gardener and had significant exposure to soil, leaves, and earthworms prior to developing the infection."
    }
}