{
    "medical_history": {
        "chief_complaint": "Pneumonia.",
        "history_of_present_illness": "The patient developed exertional dyspnea, chills, fever, and night sweats 10 days prior to admission. His temperature rose to 40°C two days later. By the fifth hospital day, the pleural effusion had enlarged, and the patient reported daily headaches.",
        "past_medical_history": "The patient had been treated with an antibiotic for Lyme disease seven years prior and is allergic to amoxicillin.",
        "family_history": "The father died of psittacosis and cardiac disease; the mother died of sarcoidosis.",
        "social_history": "The patient worked on a farm on Nantucket, Massachusetts, and was exposed to chickens, turkeys, horses, sheep, and domestic rabbits."
    }
}