{
    "medical_history": {
        "chief_complaint": "Primary amenorrhea",
        "history_of_present_illness": "The patient had primary amenorrhea and presented for a second opinion at age 25 after experiencing a small amount of pubic and axillary hair during adolescence but no breast development. She received oral estrogens for approximately 1.5 years but discontinued them in college. Multiple courses of Provera were attempted, with one resulting in a withdrawal bleed, but significant menstrual function did not resume.",
        "past_medical_history": "The patient has a history consistent with idiopathic hypogonadotropic hypogonadism (IHH) characterized by low gonadotropin levels, specifically LH at 0.3 IU/L and FSH at 0.5 IU/L. She has a family history of similar conditions, with a sister also experiencing primary amenorrhea.",
        "family_history": "Notable for a younger sister with primary amenorrhea and family history suggesting hereditary patterns related to GnRH receptor mutations.",
        "social_history": "Not specified"
    }
}