{
    "physical_examinations": [
        {
            "date": "Not specified",
            "vital_signs": "Not specified",
            "relevant_findings": "The patient (DB) had elevated TSH (6.8 mU/L) and normal FT4 (11.0 ng/L) and FT3 (1.7 ng/L). After treatment with l-T4, TSH returned to normal range.",
            "changes_over_time": "Initially elevated TSH levels decreased to 2.63 mU/L in DD, and 0.24 mU/L in DS after 6 months of treatment, demonstrating improvement."
        }
    ]
}