{
    "medical_history": {
        "chief_complaint": "Intermittent high-grade fevers accompanied by rash, fatigue, arthralgias, palpitations, and lower extremity edema.",
        "history_of_present_illness": "Symptoms began two years prior to admission, with increasing fatigue and fevers reaching a temperature of 39.4°C. Symptoms included pruritic lower extremity rash, intermittent arthralgias, palpitations, orthopnea, and lower extremity edema. Duration of the symptoms was two years.",
        "past_medical_history": "Patient has a history of rheumatic heart disease and underwent porcine mitral valve replacement four years prior to admission.",
        "family_history": "Not specified.",
        "social_history": "Patient resided in urban Addis Abeba, Ethiopia until one month prior to admission and recalled a kitten scratch six months before admission. No other contact with livestock or farm animals reported."
    }
}