{
    "medical_history": {
        "chief_complaint": "Right-sided visual loss and oculomotor-nerve palsy.",
        "history_of_present_illness": "One week before admission, the patient was hospitalized due to coughing and inability to open his right eye. Symptoms included fever (temperature of 38.5°C) and right upper eyelid ptosis, with subsequent deterioration of vision in the right eye over five days.",
        "past_medical_history": "Type 2 diabetes mellitus for 25 years, acute myocardial infarction four years prior, chronic obstructive pulmonary disease, hypertension, and schizophrenia.",
        "family_history": "Sister and mother had diabetes mellitus.",
        "social_history": "Smoked one pack of cigarettes daily since age 18; lost 12 kg in weight in the two months before admission."
    }
}