{
    "physical_examinations": [
        {
            "date": "Not specified",
            "vital_signs": "Not specified",
            "relevant_findings": "Ana B. was cooperative and alert. She appeared moderately depressed with mildly agitated affect. No psychotic signs or symptoms were present, and her insight and judgment were excellent.",
            "changes_over_time": "Over time, Ana's OCD symptoms showed substantial improvement with treatment; however, depressive symptoms eventually returned, particularly after discontinuation of medication and during subsequent pregnancies."
        },
        {
            "date": "Not specified",
            "vital_signs": "Not specified",
            "relevant_findings": "During the first pregnancy, Ana experienced hyperemesis gravidarum lasting 24 weeks, with symptoms including anxiety, agitation, irritability, tremulousness, shortness of breath, and palpitations.",
            "changes_over_time": "As the hyperemesis and anxiety dissipated, depressive symptoms also resolved. However, depressive symptoms returned during subsequent pregnancies and were effectively managed with increased fluoxetine."
        },
        {
            "date": "Not specified",
            "vital_signs": "Not specified",
            "relevant_findings": "Postpartum, Ana exhibited mood lability, intermittent tearfulness, and emotional hypersensitivity.",
            "changes_over_time": "Mood lability and hypersensitivity receded by 2.5 weeks postpartum, but returned two months later with emotional hypersensitivity and worsening of OCD symptoms."
        }
    ]
}