{
    "physical_examinations": [
        {
            "date": "Not specified",
            "vital_signs": "Not specified",
            "relevant_findings": "The patient presented with multiple encapsulated lipomas on the abdominal wall, thighs, and extremities.",
            "changes_over_time": "Not specified"
        },
        {
            "date": "Not specified",
            "vital_signs": "Not specified",
            "relevant_findings": "Postoperative examination indicated healing without complications; however, one aspiration for a left abdominal seroma was required post-surgery.",
            "changes_over_time": "The abdominal wall lipomas were completely excised, and the cosmetic result was excellent postoperatively."
        }
    ]
}