{
    "physical_examinations": [
        {
            "date": "Not specified",
            "vital_signs": "Partial oxygen tension of 57",
            "relevant_findings": "Herpes zoster accompanied by inguinal adenopathy; chest radiograph showed widespread cystic disease and bilateral hilar adenopathy.",
            "changes_over_time": "Over the years, the patient's health declined, developing pleural effusions and severe desquamating dermatitis, and dementia was confirmed upon last assessment."
        },
        {
            "date": "Not specified",
            "vital_signs": "Hypertensive to a diastolic pressure of 105 mm Hg",
            "relevant_findings": "Markedly obese, wheezing, crepitous breathing.",
            "changes_over_time": "Not specified."
        }
    ]
}