{
    "medical_history": {
        "chief_complaint": "Chronic treatment-resistant eating disorder.",
        "history_of_present_illness": "The eating disorder developed during her recovery from coccidioidomycosis at age 12, leading to restrictive eating and later bingeing and purging. Symptoms have worsened over 20 years, with periods of hospitalization and laxative abuse.",
        "past_medical_history": "History of anorexia nervosa, bulimia nervosa, major depression, panic disorder, obsessive-compulsive disorder, and multiple emergency room visits due to laxative abuse.",
        "family_history": "Father had drinking problems; family provided consistent support despite the challenges posed by the patient's eating disorder.",
        "social_history": "Married for 7 years without children; varying employment history with recent graduate studies. Patient had supportive friends but experienced frustrations in her marriage related to her eating disorder."
    }
}