{
    "physical_examinations": [
        {
            "date": "1995",
            "vital_signs": "Height: 141.5 cm; Arm span: 144.5 cm; Lower segment: 74 cm",
            "relevant_findings": "Mild frontal bossing; Prepubertal testes; Euthyroid status",
            "changes_over_time": "Normal cortisol response to insulin tolerance test at age 13; Cortisol deficiency noted at age 30"
        },
        {
            "date": "1995",
            "vital_signs": "Height: 142 cm; Arm span: 144.5 cm; Lower segment: 74 cm",
            "relevant_findings": "Mild frontal bossing; Low testicular volumes (4 mL bilaterally); Clinically euthyroid",
            "changes_over_time": "Cortisol production normal at age 26; GH deficiency and low LH/FSH levels"
        },
        {
            "date": "1995",
            "vital_signs": "Height: Not specified",
            "relevant_findings": "Mild frontal bossing; Chubby cheeks; High-pitched voice; Slow ankle jerks",
            "changes_over_time": "Prepubertal at age 14; Non-compliance with hormone replacement leading to epilepsy episodes in 1999"
        }
    ]
}