{
    "medical_history": {
        "chief_complaint": "Mixed episodes of recurrent fever, abdominal pain, and vomiting lasting for 10 days with associated peripheral edema.",
        "history_of_present_illness": "The patient had recurrent attacks since 18 months of age. The current episode of peripheral edema started 10 days ago and was preceded by increased frequency of inflammatory attacks over the previous 6 months.",
        "past_medical_history": "The patient has a chronic inflammatory condition, specifically the tumor necrosis factor receptor–associated periodic syndrome, with a history of nephrotic syndrome associated with amyloidosis.",
        "family_history": "The patient's father had renal issues and required renal transplantation due to amyloidosis.",
        "social_history": "Not specified."
    }
}