{
    "physical_examinations": [
        {
            "date": "Not specified",
            "vital_signs": "Not specified",
            "relevant_findings": "Splenomegaly (17.5 cm), liver: heterogeneous with nodular margin and large regenerative nodule (5.7 cm), esophageal varices (grade 2).",
            "changes_over_time": "The patient experienced several episodes of hematemesis requiring sclerotherapy and banding of esophageal varices, leading to bedridden status due to fatigue, gross ascites, spontaneous bleeding, and intractable pruritus."
        },
        {
            "date": "October 1998",
            "vital_signs": "Not specified",
            "relevant_findings": "Postoperative complications included small perihepatic hematoma and consolidation in the left lower lobe of the lung.",
            "changes_over_time": "By day 10 post-liver transplantation, the graft was functioning satisfactorily with no evidence of acute cellular rejection."
        },
        {
            "date": "Day 26 after liver transplantation",
            "vital_signs": "Not specified",
            "relevant_findings": "Liver biopsy showed minor degree of nonspecific portal inflammation.",
            "changes_over_time": "No significant changes were noted."
        },
        {
            "date": "Day 76",
            "vital_signs": "Not specified",
            "relevant_findings": "Abnormal liver-function tests prompted a liver biopsy demonstrating mild cholangiolitic changes, with no evidence of cellular rejection.",
            "changes_over_time": "Levels of aspartate aminotransferase returned to normal, but levels of γ-glutamyltransferase remained elevated, leading to another biopsy three weeks later that showed mild focal injury of the bile ducts."
        },
        {
            "date": "December 1999",
            "vital_signs": "Hemoglobin: 12.3 g/L; white cell count: 6500 cells/mm³; neutrophils: 2740 cells/mm³; platelets: 156,000 cells/mm³; international normalized prothrombin ratio: 1.0; bilirubin: 0.6 mg/dL (10 µmol/L); aspartate aminotransferase: 39 U/L; γ-glutamyltransferase: 52 U/L; albumin: 3.5 g/dL.",
            "relevant_findings": "Patient in excellent health with satisfactory function of both grafts.",
            "changes_over_time": "The patient's overall health improved significantly post-transplantation."
        }
    ]
}