{
    "medical_history": {
        "chief_complaint": "Progressive hypogonadism in male infants characterized by lack of penile growth and involution of the scrotum.",
        "history_of_present_illness": "Symptoms began in early infancy, with progressive atrophy of the external genitalia noted at 1-4 months of age. Duration and intensity of symptoms varied, with both cases showing a lack of expected physiological rise in testosterone.",
        "past_medical_history": "Case 1: Hypogonadotropic hypogonadism. Case 2: Panhypopituitarism with GH deficiency in family history. Case 3: Panhypopituitarism with adrenal insufficiency diagnosed at birth.",
        "family_history": "Maternal uncle with GH deficiency in Case 2.",
        "social_history": "Not specified."
    }
}