{
    "medical_history": {
        "chief_complaint": "Prenatal diagnosis of aniridia.",
        "history_of_present_illness": "The family approached for prenatal testing after previous DNA analysis identified a PAX6 mutation in the father's blood and their firstborn son, who had aniridia. An amniocentesis was performed at 16 weeks’ gestation.",
        "past_medical_history": "The father has bilateral aniridia with peripheral corneal pannus, early onset cataracts, foveal and optic nerve hypoplasia, and glaucoma. The firstborn son was also diagnosed with aniridia.",
        "family_history": "The family has a history of aniridia, with the father affected and the firstborn son diagnosed with the condition.",
        "social_history": "The father is unemployed, while the mother is the primary earner in the family."
    }
}