{
    "medical_history": {
        "chief_complaint": "15-day history of fever, night sweats, chills, weight loss, and articular pain localized to the right knee.",
        "history_of_present_illness": "Symptoms began 15 days prior to evaluation, with fever, night sweats, chills, weight loss, and articular pain in the right knee. Symptoms worsened after initiating a wide-spectrum empiric treatment, leading to further articular pain and swelling in the left knee.",
        "past_medical_history": "History of HIV-1 infection since 1986, drug abuse, previous episodes of Toxoplasma encephalitis and tuberculous meningoencephalitis, treated successfully.",
        "family_history": "Not specified.",
        "social_history": "History of drug abuse."
    }
}