{
    "medical_history": {
        "chief_complaint": "Increasing dyspnea at exertion",
        "history_of_present_illness": "Symptoms began more than 1 week prior to admission, with increasing severity.",
        "past_medical_history": "Dilated cardiomyopathy believed to be secondary to heavy ethanol intake, mitral regurgitation, ventricular ectopy, and episodes of hemoptysis about 30 years prior to admission.",
        "family_history": "Not specified.",
        "social_history": "Retired farmer."
    }
}