{
    "physical_examinations": [
        {
            "date": "Not specified",
            "vital_signs": "Temperature: 39.4°C; Heart rate: 118 bpm",
            "relevant_findings": "Physical examination revealed that the woman was thin and appeared to be depressed; no other abnormalities were noted. Routine laboratory studies and a CT scan revealed no abnormalities.",
            "changes_over_time": "Not specified"
        },
        {
            "date": "21 months before admission",
            "vital_signs": "Not specified",
            "relevant_findings": "Patient reported stiffness in her hands and knees, persistent fatigue, and a poor appetite. Physical examination revealed no abnormalities.",
            "changes_over_time": "Not specified"
        },
        {
            "date": "6 months before admission",
            "vital_signs": "Not specified",
            "relevant_findings": "Physical examination revealed no abnormalities; she had gained about 4 kg in weight since her previous visit.",
            "changes_over_time": "Not specified"
        },
        {
            "date": "6 months before admission",
            "vital_signs": "Temperature: 39.4°C",
            "relevant_findings": "Physical examination, routine laboratory studies, and a CT scan of the brain revealed no abnormalities. MRI study disclosed a pituitary mass.",
            "changes_over_time": "Not specified"
        }
    ]
}