{
    "medical_history": {
        "chief_complaint": "Swelling of the left knee due to fungal infection.",
        "history_of_present_illness": "The patient experienced a 10-month history of swelling after puncturing his knee with a carpet tack. There were no signs of warmth or tenderness, but the physical examination revealed a fluid-filled prepatellar bursa.",
        "past_medical_history": "History of alcoholism.",
        "family_history": "Not specified.",
        "social_history": "Carpet layer, history of alcohol abuse."
    }
}