{
    "physical_examinations": [
        {
            "date": "22 weeks’ gestation",
            "vital_signs": "Not specified",
            "relevant_findings": "Vaginal examination and pelvic ultrasonography revealed a cystic mass.",
            "changes_over_time": "Not specified"
        },
        {
            "date": "35 weeks’ gestation",
            "vital_signs": "Not specified",
            "relevant_findings": "Repeated MR imaging revealed no increase in the size of the meningocele.",
            "changes_over_time": "Not specified"
        },
        {
            "date": "38 weeks’ gestation",
            "vital_signs": "Not specified",
            "relevant_findings": "Total disappearance of the anterior sacral meningocele noted during postoperative rectal examination.",
            "changes_over_time": "Postoperative course was uneventful for 1 week followed by wound swelling, cerebrospinal fluid leak, and meningitis."
        },
        {
            "date": "Postoperative period (exact date not specified)",
            "vital_signs": "Not specified",
            "relevant_findings": "Emergency reoperation revealed a purulent fluid leak and dehiscence of suture lines.",
            "changes_over_time": "Repeated MR imaging demonstrated progressive decrease in the size of the meningocele until it completely disappeared."
        }
    ]
}