{
    "physical_examinations": [
        {
            "date": "Not specified",
            "vital_signs": {
                "blood_pressure": "110/75 to 130/80 mmHg",
                "heart_rate": "100–120 bpm, declining to 60 bpm at discharge",
                "temperature": "Not specified",
                "respiratory_rate": "Not specified"
            },
            "relevant_findings": "Mr. A was alert and oriented upon arrival in the emergency room; physical examination and routine laboratory tests were normal.",
            "changes_over_time": "Mr. A's heart rate gradually declined from 100–120 bpm upon arrival to 60 bpm at discharge, while vital signs remained stable."
        }
    ]
}