{
    "physical_examinations": [
        {
            "date": "Not specified",
            "vital_signs": "Normotensive, overweight (>.95th percentile)",
            "relevant_findings": "Coarsened facial features, broadened nose, prominent ear cartilage, slightly enlarged testes (5 cc)",
            "changes_over_time": "Not specified"
        },
        {
            "date": "Not specified",
            "vital_signs": "PRL levels ranged from 150-200 ng/mL",
            "relevant_findings": "Overnight serial sampling of GH showed complete loss of pulsatility, with levels averaging 5.6 ng/mL",
            "changes_over_time": "PRL levels declined after surgery by ~50%, but increased gradually thereafter to preoperative levels"
        },
        {
            "date": "Not specified",
            "vital_signs": "GH levels postoperatively were 4-7 ng/mL",
            "relevant_findings": "IGF-I levels decreased to 9.9 nmol/L (76 ng/mL); spot GH levels decreased to less than 1 ng/mL; IGF-binding protein-3 levels remained normal (3.5 mg/L)",
            "changes_over_time": "Not specified"
        }
    ]
}