{
    "physical_examinations": [
        {
            "date": "October 1992",
            "vital_signs": "Not specified",
            "relevant_findings": "Bilateral transposition of the anterior half of the temporal musculofascial flaps to the oral commissures and sling suspension of the lower lip.",
            "changes_over_time": "Not specified"
        },
        {
            "date": "November 1996",
            "vital_signs": "Not specified",
            "relevant_findings": "Bilateral ectopic ossifications first noticed subcutaneously in the zygomatic region.",
            "changes_over_time": "The ectopic ossifications slowly progressed over time."
        }
    ]
}