{
    "medical_history": {
        "chief_complaint": "Dysphagia and substernal pain for 1 month.",
        "history_of_present_illness": "Gastroesophageal reflux for 2 years; dysphagia and substernal pain developed 1 month prior to admission.",
        "past_medical_history": "Significant cigarette smoking (30 pack-years), heavy alcohol consumption, diabetes mellitus (type IIb), chronic obstructive pulmonary disease, dilative cardiomyopathy.",
        "family_history": "Not specified.",
        "social_history": "Not specified."
    }
}